{"random_0_0": {"type": "random", "length": 0, "sample_id": 0, "result": {"bubblesort_ascend": 1.4999999999997654e-06, "heapsort_ascend": 1.4000000000003593e-06, "insertsort_ascend": 5.999999999999062e-07, "mergesort_ascend": 4.999999999987653e-07, "quicksort_ascend": 3.999999999993592e-07, "selectsort_ascend": 5.999999999999062e-07}}, "random_0_1": {"type": "random", "length": 0, "sample_id": 1, "result": {"bubblesort_ascend": 5.000000000005e-07, "heapsort_ascend": 5.000000000005e-07, "insertsort_ascend": 3.999999999993592e-07, "mergesort_ascend": 3.000000000016878e-07, "quicksort_ascend": 2.999999999999531e-07, "selectsort_ascend": 2.999999999999531e-07}}, "random_0_2": {"type": "random", "length": 0, "sample_id": 2, "result": {"bubblesort_ascend": 3.999999999993592e-07, "heapsort_ascend": 3.999999999993592e-07, "insertsort_ascend": 4.000000000010939e-07, "mergesort_ascend": 2.999999999999531e-07, "quicksort_ascend": 3.999999999993592e-07, "selectsort_ascend": 2.999999999999531e-07}}, "random_1_0": {"type": "random", "length": 1, "sample_id": 0, "result": {"bubblesort_ascend": 5.000000000005e-07, "heapsort_ascend": 2.0999999999996716e-06, "insertsort_ascend": 4.000000000010939e-07, "mergesort_ascend": 2.999999999999531e-07, "quicksort_ascend": 2.999999999999531e-07, "selectsort_ascend": 4.000000000010939e-07}}, "random_1_1": {"type": "random", "length": 1, "sample_id": 1, "result": {"bubblesort_ascend": 5.000000000005e-07, "heapsort_ascend": 1.1999999999998123e-06, "insertsort_ascend": 3.999999999993592e-07, "mergesort_ascend": 2.999999999999531e-07, "quicksort_ascend": 2.999999999999531e-07, "selectsort_ascend": 2.999999999999531e-07}}, "random_1_2": {"type": "random", "length": 1, "sample_id": 2, "result": {"bubblesort_ascend": 4.000000000010939e-07, "heapsort_ascend": 8.000000000004531e-07, "insertsort_ascend": 4.000000000010939e-07, "mergesort_ascend": 2.999999999999531e-07, "quicksort_ascend": 1.2999999999992184e-06, "selectsort_ascend": 4.000000000010939e-07}}, "random_2_0": {"type": "random", "length": 2, "sample_id": 0, "result": {"bubblesort_ascend": 1.1000000000004062e-06, "heapsort_ascend": 2.6000000000001716e-06, "insertsort_ascend": 5.000000000005e-07, "mergesort_ascend": 2.999999999999531e-07, "quicksort_ascend": 3.999999999993592e-07, "selectsort_ascend": 4.000000000010939e-07}}, "random_2_1": {"type": "random", "length": 2, "sample_id": 1, "result": {"bubblesort_ascend": 6.999999999993123e-07, "heapsort_ascend": 1.8000000000014532e-06, "insertsort_ascend": 3.999999999993592e-07, "mergesort_ascend": 2.999999999999531e-07, "quicksort_ascend": 2.999999999999531e-07, "selectsort_ascend": 3.999999999993592e-07}}, "random_2_2": {"type": "random", "length": 2, "sample_id": 2, "result": {"bubblesort_ascend": 5.999999999999062e-07, "heapsort_ascend": 1.4999999999997654e-06, "insertsort_ascend": 3.999999999993592e-07, "mergesort_ascend": 2.999999999999531e-07, "quicksort_ascend": 4.000000000010939e-07, "selectsort_ascend": 3.999999999993592e-07}}, "random_3_0": {"type": "random", "length": 3, "sample_id": 0, "result": {"bubblesort_ascend": 1.3000000000009532e-06, "heapsort_ascend": 3.299999999999484e-06, "insertsort_ascend": 3.999999999993592e-07, "mergesort_ascend": 3.999999999993592e-07, "quicksort_ascend": 2.999999999999531e-07, "selectsort_ascend": 4.000000000010939e-07}}, "random_3_1": {"type": "random", "length": 3, "sample_id": 1, "result": {"bubblesort_ascend": 1.1000000000004062e-06, "heapsort_ascend": 2.3000000000002185e-06, "insertsort_ascend": 2.999999999999531e-07, "mergesort_ascend": 2.999999999999531e-07, "quicksort_ascend": 2.999999999999531e-07, "selectsort_ascend": 2.999999999999531e-07}}, "random_3_2": {"type": "random", "length": 3, "sample_id": 2, "result": {"bubblesort_ascend": 8.999999999998592e-07, "heapsort_ascend": 2.4000000000013594e-06, "insertsort_ascend": 2.999999999999531e-07, "mergesort_ascend": 2.999999999999531e-07, "quicksort_ascend": 3.999999999993592e-07, "selectsort_ascend": 3.000000000016878e-07}}, "random_4_0": {"type": "random", "length": 4, "sample_id": 0, "result": {"bubblesort_ascend": 1.6000000000009063e-06, "heapsort_ascend": 3.299999999999484e-06, "insertsort_ascend": 3.999999999993592e-07, "mergesort_ascend": 4.000000000010939e-07, "quicksort_ascend": 2.999999999999531e-07, "selectsort_ascend": 2.999999999999531e-07}}, "random_4_1": {"type": "random", "length": 4, "sample_id": 1, "result": {"bubblesort_ascend": 1.1000000000004062e-06, "heapsort_ascend": 3.1000000000006717e-06, "insertsort_ascend": 3.999999999993592e-07, "mergesort_ascend": 2.999999999999531e-07, "quicksort_ascend": 2.999999999999531e-07, "selectsort_ascend": 3.999999999993592e-07}}, "random_4_2": {"type": "random", "length": 4, "sample_id": 2, "result": {"bubblesort_ascend": 1.2999999999992184e-06, "heapsort_ascend": 3.2000000000000778e-06, "insertsort_ascend": 3.999999999993592e-07, "mergesort_ascend": 3.999999999993592e-07, "quicksort_ascend": 2.999999999999531e-07, "selectsort_ascend": 2.999999999999531e-07}}, "random_100_0": {"type": "random", "length": 100, "sample_id": 0, "result": {"bubblesort_ascend": 0.0002772999999999994, "heapsort_ascend": 0.0001749999999999998, "insertsort_ascend": 4.000000000010939e-07, "mergesort_ascend": 2.999999999999531e-07, "quicksort_ascend": 2.999999999999531e-07, "selectsort_ascend": 3.999999999993592e-07}}, "random_100_1": {"type": "random", "length": 100, "sample_id": 1, "result": {"bubblesort_ascend": 0.0002921999999999994, "heapsort_ascend": 0.0001811, "insertsort_ascend": 5.999999999999062e-07, "mergesort_ascend": 3.999999999993592e-07, "quicksort_ascend": 2.999999999999531e-07, "selectsort_ascend": 3.999999999993592e-07}}, "random_100_2": {"type": "random", "length": 100, "sample_id": 2, "result": {"bubblesort_ascend": 0.00042960000000000047, "heapsort_ascend": 0.0002554000000000011, "insertsort_ascend": 1.1000000000004062e-06, "mergesort_ascend": 1.1000000000004062e-06, "quicksort_ascend": 8.000000000004531e-07, "selectsort_ascend": 8.000000000004531e-07}}, "random_110_0": {"type": "random", "length": 110, "sample_id": 0, "result": {"bubblesort_ascend": 0.0005351000000000002, "heapsort_ascend": 0.000174800000000001, "insertsort_ascend": 5.000000000005e-07, "mergesort_ascend": 4.000000000010939e-07, "quicksort_ascend": 5.000000000005e-07, "selectsort_ascend": 6.999999999993123e-07}}, "random_110_1": {"type": "random", "length": 110, "sample_id": 1, "result": {"bubblesort_ascend": 0.0004805999999999977, "heapsort_ascend": 0.00021099999999999938, "insertsort_ascend": 8.000000000021878e-07, "mergesort_ascend": 5.999999999999062e-07, "quicksort_ascend": 5.000000000005e-07, "selectsort_ascend": 4.000000000010939e-07}}, "random_110_2": {"type": "random", "length": 110, "sample_id": 2, "result": {"bubblesort_ascend": 0.00035489999999999827, "heapsort_ascend": 0.00016549999999999898, "insertsort_ascend": 5.000000000005e-07, "mergesort_ascend": 5.000000000005e-07, "quicksort_ascend": 4.000000000010939e-07, "selectsort_ascend": 3.999999999976245e-07}}, "random_120_0": {"type": "random", "length": 120, "sample_id": 0, "result": {"bubblesort_ascend": 0.0004247999999999995, "heapsort_ascend": 0.00018259999999999804, "insertsort_ascend": 5.000000000005e-07, "mergesort_ascend": 4.000000000010939e-07, "quicksort_ascend": 2.9999999999821836e-07, "selectsort_ascend": 3.999999999976245e-07}}, "random_120_1": {"type": "random", "length": 120, "sample_id": 1, "result": {"bubblesort_ascend": 0.0004364, "heapsort_ascend": 0.00020680000000000004, "insertsort_ascend": 5.000000000005e-07, "mergesort_ascend": 3.999999999976245e-07, "quicksort_ascend": 4.000000000010939e-07, "selectsort_ascend": 4.000000000010939e-07}}, "random_120_2": {"type": "random", "length": 120, "sample_id": 2, "result": {"bubblesort_ascend": 0.0005988999999999994, "heapsort_ascend": 0.00028689999999999966, "insertsort_ascend": 6.999999999993123e-07, "mergesort_ascend": 5.000000000005e-07, "quicksort_ascend": 4.000000000010939e-07,